mesh_dim,xmin,xmax,ymin,ymax,xsz,ysz
1024,0.000000,5.488000,0.000000,3.402000,784,486
